Player;Team;Wins;Losses;KDA;Kills;Death;Assists;LH;DN;GPM;XPM;Position;Inv_Status;Region;Tournament_Result;Changed Teams;Total_Games;New_Team
godd4m;_PowerRangers;3;6;3,62;6,67;3,78;7;344,33;16,11;599;506;1;1;EU;0;0;9;_PowerRangers
chshrct;_PowerRangers;3;6;2,53;2,89;4,22;7,78;191,22;1,33;394;381;2;1;EU;0;0;9;_PowerRangers
Ar1sE-;_PowerRangers;3;6;4,25;4,22;3,11;9;167,67;5,56;390;419;3;1;EU;0;1;9;None
Bignum;_PowerRangers;3;6;3,11;2,11;4;10,33;45,56;5,11;234;246;4;1;EU;0;0;9;_PowerRangers
j4;_PowerRangers;3;6;2,61;1,56;4;8,89;36;2,44;219;248;5;1;EU;0;0;9;_PowerRangers
Alliance.Lod[A].HyperX;Alliance;20;16;4,67;6,78;3,5;9,56;292,42;14,33;546;502;1;1;EU;11;0;36;Alliance
Alliance.AdmiralBulldog;Alliance;20;16;4,31;4,31;3,42;10,42;255,47;5,72;502;488;2;1;EU;11;1;36;None
OG.s4;Alliance;20;16;4,54;6,78;3,75;10,25;256,81;8,64;493;501;3;1;EU;11;1;36;OG Dota2
Alliance.EGM;Alliance;20;16;3,13;2,89;4,92;12,5;71,14;2,72;282;317;4;1;EU;11;0;36;Alliance
Alliance.Akke;Alliance;20;16;3,02;2,14;4,56;11,61;53,06;2,5;261;270;5;1;EU;11;1;36;None
CDEC.Super;CDEC Gaming;3;6;2,94;4,22;4;7,56;250,89;7,78;554;522;1;1;CN;0;1;9;LGD.Forever Young
CDEC.Rabbit;CDEC Gaming;3;6;3,26;5,22;3,44;6;268,56;15,78;533;531;2;1;CN;0;1;9;None
CDEC.Yao;CDEC Gaming;3;6;2,36;2,56;4,67;8,44;153,78;3,89;359;357;3;1;CN;0;1;9;LGD.Forever Young
EHOME.garder;CDEC Gaming;3;6;2,94;2,22;4;9,56;60,33;1,33;260;266;4;1;CN;0;1;9;EHOME
CDEC.Q;CDEC Gaming;3;6;2,02;1,89;5,11;8,44;32,78;2,11;223;229;5;1;CN;0;1;9;Invictus Gaming
LGD.Ame;CDEC.Youth;3;6;3,57;4,89;3,11;6,22;283,33;11,22;554;515;1;1;CN;0;1;9;LGD-GAMING
CDEC.Y.Inflame;CDEC.Youth;3;6;2,16;4,33;5,56;7,67;176,44;10,44;433;445;2;1;CN;0;1;9;None
CDEC.Y.Xz;CDEC.Youth;3;6;2,37;2,11;4,56;8,67;137,78;2,11;363;382;3;1;CN;0;1;9;LGD-GAMING
CDEC.Y.Victoria;CDEC.Youth;3;6;2,34;2,56;5,22;9,67;40,67;1,11;264;296;4;1;CN;0;1;9;LGD-GAMING
CDEC.Darkrai;CDEC.Youth;3;6;1,61;2,78;6,33;7,44;32,44;0,78;237;246;5;1;CN;0;1;9;CDEC Gaming
coL.Chessie;compLexity Gaming;12;11;3,68;5,09;3,65;8,35;236,74;10,13;540;506;1;1;AM;0;1;23;None
Alliance.Limmp;compLexity Gaming;12;11;3,7;5,91;3,65;7,61;237,78;11,17;529;495;2;1;AM;0;1;23;Alliance
coL.swindlezz;compLexity Gaming;12;11;2,57;3,39;5,22;10;189,22;2,74;435;444;3;1;AM;0;0;23;compLexity Gaming
coL.Zfreek;compLexity Gaming;12;11;2,98;3,3;4,52;10,17;49,22;1,74;283;297;4;1;AM;0;0;23;compLexity Gaming
Alliance.Handsken;compLexity Gaming;12;11;2,58;2,65;4,61;9,26;39,57;3,39;268;279;5;1;AM;0;1;23;Alliance
DC.Resolut1on;Digital Chaos;33;14;6,11;7;2,6;8,85;307,6;11,11;594;542;1;1;AM;2;0;47;Digital Chaos
DC.w33;Digital Chaos;33;14;4,89;6,53;3,38;10,02;242,13;10,15;565;533;2;1;AM;2;0;47;Digital Chaos
coL.Moo;Digital Chaos;33;14;3,7;4,09;3,96;10,55;169,15;3,85;418;424;3;1;AM;2;1;47;compLexity Gaming
DC.MISERY;Digital Chaos;33;14;2,8;2,09;5,02;11,98;73,77;1,17;305;302;4;1;AM;2;0;47;Digital Chaos
DC.Saksa;Digital Chaos;33;14;3,28;2,94;4,55;12;62,7;2,66;301;295;5;1;AM;2;0;47;Digital Chaos
Pharah;DrinkingBoys;1;5;3,06;4,17;2,83;4,5;194,67;15,33;458;479;1;1;AM;0;0;6;DrinkingBoys
GetovaS-;DrinkingBoys;1;5;1,88;2,67;4,17;5,17;147,33;9,33;384;388;2;1;AM;0;0;6;DrinkingBoys
Mad;DrinkingBoys;1;5;2;1,83;4,17;6,5;121,17;1,33;354;372;3;1;AM;0;0;6;DrinkingBoys
BigBunTheory;DrinkingBoys;1;5;1,83;2;4,83;6,83;24,67;2,33;230;248;4;1;AM;0;0;6;DrinkingBoys
SHANKS;DrinkingBoys;1;5;1,28;1,67;6,5;6,67;38,33;0,33;229;240;5;1;AM;0;0;6;DrinkingBoys
Faceless.iceiceice;EHOME;31;14;5,5;6,93;3;9,58;361,27;11,42;621;533;1;1;CN;4;1;45;Team Faceless
EHOME.old chicken;EHOME;31;14;5,41;7,4;3,38;10,87;225,98;9,67;504;507;2;1;CN;4;0;45;EHOME
EHOME.old eleven;EHOME;31;14;3,33;4,89;4,91;11,47;169,56;6,42;414;457;3;1;CN;4;0;45;EHOME
EHOME.LaNm;EHOME;31;14;3,54;2,93;4,6;13,36;98,51;1,96;325;363;4;1;CN;4;0;45;EHOME
VG.J.Fenrir;EHOME;31;14;3,85;3,11;4,18;12,96;56,62;2,53;280;275;5;1;CN;4;1;45;Vici Gaming J
ESC.qojqva;Escape Gaming;19;27;5,14;5,2;2,48;7,54;333,48;9,52;590;519;1;1;EU;15;0;46;Escape Gaming
ESC.Era;Escape Gaming;19;27;3,68;6,2;3,63;7,15;277,83;9,8;520;482;2;1;EU;15;0;46;Escape Gaming
ESC.KheZzu;Escape Gaming;19;27;2,72;2,41;4,33;9,35;178,48;4,65;379;375;3;1;EU;15;0;46;Escape Gaming
ESC.YapzOr;Escape Gaming;19;27;2,97;2,98;4,5;10,39;59,33;1,17;272;295;4;1;EU;15;0;46;Escape Gaming
ESC.syndereN;Escape Gaming;19;27;1,99;1,41;5,39;9,3;45,93;2,85;236;244;5;1;EU;15;0;46;Escape Gaming
EG.Suma1L;Evil Geniuses;20;10;5,21;9,13;3,53;9,27;277,4;11,3;595;532;1;0;AM;3;0;30;Evil Geniuses
EG.Fear;Evil Geniuses;20;10;5,21;6,87;3,23;9,97;222,77;7,53;515;478;2;0;AM;3;1;30;None
EG.Universe;Evil Geniuses;20;10;5,54;4,23;3,17;13,3;132,37;3,37;386;401;3;0;AM;3;0;30;Evil Geniuses
EG.zai;Evil Geniuses;20;10;3,97;3,17;4,4;14,3;64,7;1,67;304;328;4;0;AM;3;0;30;Evil Geniuses
EG.ppd;Evil Geniuses;20;10;3,41;2,43;4,7;13,6;54,27;1,5;281;299;5;0;AM;3;1;30;None
XctN.Nando;Execration;15;13;2,92;5,89;4,36;6,82;353,68;15,29;627;544;1;1;SEA;0;1;28;None
XctN.Abed;Execration;15;13;3,48;7,29;4,18;7,25;294,14;5,89;587;555;2;1;SEA;0;0;28;Execration
Mski.RR;Execration;15;13;2,88;2,5;4,64;10,89;146,46;1,36;362;374;3;1;SEA;0;1;28;Mineski.GGNetwork
XctN.Kim0;Execration;15;13;2,22;2,04;5,96;11,18;52,96;1,82;270;267;4;1;SEA;0;0;28;Execration
XctN.TIMS;Execration;15;13;2,38;2,21;5,29;10,36;35,89;1,18;260;294;5;1;SEA;0;1;28;Team-Rave
F5.Illidan Stormrage;Fantastic.Five';7;9;4,56;6,94;3,44;8,75;362,94;12,69;602;517;1;0;EU;0;0;16;Fantastic.Five'
F5.Bzz;Fantastic.Five';7;9;3,21;5,31;4,69;9,75;228,44;5,88;483;451;2;0;EU;0;0;16;Fantastic.Five'
VP.9pasha;Fantastic.Five';7;9;2,46;4,31;5,56;9,38;187,94;1,06;407;431;3;0;EU;0;1;16;Virtus.pro
F5.rmN-;Fantastic.Five';7;9;3,03;2,75;4,69;11,44;63,63;1,56;264;284;4;0;EU;0;0;16;Fantastic.Five'
F5.yol;Fantastic.Five';7;9;1,81;1,44;6,75;10,81;35,19;0,56;233;229;5;0;EU;0;0;16;Fantastic.Five'
FlipSid3.Sedoy;FlipSid3 Tactics;2;7;3,16;6,67;4,22;6,67;295,56;9,44;536;449;1;1;EU;0;0;9;FlipSid3 Tactics
FlipSid3.tmw;FlipSid3 Tactics;2;7;1,94;4;5,78;7,22;240;15,44;465;457;2;1;EU;0;0;9;FlipSid3 Tactics
FlipSid3.Shachlo;FlipSid3 Tactics;2;7;1,88;2,33;5,67;8,33;135,11;1,67;371;410;3;1;EU;0;0;9;FlipSid3 Tactics
FlipSid3.MeTTpuM;FlipSid3 Tactics;2;7;1,44;2;6,78;7,78;37,56;3;228;234;4;1;EU;0;1;9;None
FlipSid3.VANSKOR;FlipSid3 Tactics;2;7;1,33;1;7,67;9,22;31;0,22;206;214;5;1;EU;0;0;9;FlipSid3 Tactics
Fnatic.MuShi-;Fnatic;27;15;4;5,64;3,64;8,93;300,07;15,45;585;521;1;1;SEA;4;0;42;Fnatic
Secret.MidOne;Fnatic;27;15;4,29;7,67;3,74;8,36;288,69;13,9;559;521;2;1;SEA;4;1;42;Team Secret
Fnatic.Ohaiyo`;Fnatic;27;15;3,6;3,19;4,1;11,57;152,93;3,02;396;412;3;1;SEA;4;0;42;Fnatic
XctN.Dj;Fnatic;27;15;3,25;3,17;4,48;11,38;94,93;1,9;329;335;4;1;SEA;4;1;42;Execration
Fnatic.343;Fnatic;27;15;2,91;2,48;4,9;11,81;34,19;0,86;266;269;5;1;SEA;4;1;42;None
fr;Friendship, Dedicatio...;5;7;2,21;1,42;4,75;9,08;36,33;1;241;251;1;1;AM;0;1;12;None
Beesa;Friendship, Dedicatio...;5;7;3,6;4,17;2,92;6,33;241,67;13;515;478;2;1;AM;0;0;12;Friendship, Dedicatio...
CCnC;Friendship, Dedicatio...;5;7;2,24;4,92;4,83;5,92;210,33;7,08;498;517;3;1;AM;0;1;12;None
??????;Friendship, Dedicatio...;5;7;3;2,75;3,5;7,75;159,25;1,5;401;418;4;1;AM;0;0;12;Friendship, Dedicatio...
STAN KING;Friendship, Dedicatio...;5;7;2,2;2,83;4,67;7,42;43,92;1,25;247;242;5;1;AM;0;0;12;Friendship, Dedicatio...
iG.Ferrari_430;Invictus Gaming;6;7;5,92;6,23;2,85;10,62;392,92;11;606;517;1;1;CN;0;1;13;None
iG.qd;Invictus Gaming;6;7;4,71;6,23;3,15;8,62;412,77;17,08;595;576;2;1;CN;0;1;13;EHOME.X
iG.Xxs;Invictus Gaming;6;7;3,96;3,54;3,85;11,69;180,46;2,69;390;404;3;1;CN;0;0;13;Invictus Gaming
iG.Boboka;Invictus Gaming;6;7;2;3,92;7,15;10,38;72,54;2,23;278;306;4;1;CN;0;0;13;Invictus Gaming
iG.Rong;Invictus Gaming;6;7;2,39;1,85;5,46;11,23;43,15;2,54;231;254;5;1;CN;0;1;13;Newbee.Young
Paparazi?;iG.Vitality;5;5;3,87;6;3,1;6;286,1;13;576;548;1;1;CN;0;0;10;iG.Vitality
???;iG.Vitality;5;5;3,06;4,3;3,5;6,4;197,2;9,2;470;453;2;1;CN;0;0;10;iG.Vitality
iG.V.InJuly;iG.Vitality;5;5;2,57;2,9;5,1;10,2;135,1;1;362;361;3;1;CN;0;0;10;iG.Vitality
@dogf1ghts;iG.Vitality;5;5;2,66;2,8;5;10,5;31,2;1,5;258;265;4;1;CN;0;0;10;iG.Vitality
iG.V.super;iG.Vitality;5;5;2,6;1,8;4,2;9,1;40,8;1,6;239;252;5;1;CN;0;0;10;iG.Vitality
LGD.Maybe;LGD-GAMING;6;11;3,62;6,71;3,88;7,35;375,18;7,71;583;506;1;2;CN;10;0;17;LGD-GAMING
LGD.Agressif;LGD-GAMING;6;11;3,93;5,18;3,59;8,94;354,82;13,41;528;481;2;2;CN;10;1;17;CDEC Gaming
LGD.xiao8;LGD-GAMING;6;11;2,78;3,06;4,76;10,18;181,94;1,76;352;365;3;2;CN;10;1;17;LGD.Forever Young
LGD.MMY!;LGD-GAMING;6;11;2,83;2,24;4,24;9,76;61,41;2,18;239;233;4;2;CN;10;1;17;None
LGD.Banana;LGD-GAMING;6;11;2,75;1,41;4,41;10,71;41,06;0,76;218;238;5;2;CN;10;1;17;None
Mski.raging-_-potato;Mineski.GGNetwork;3;6;2,77;7;4,89;6,56;318,78;19,78;571;534;1;0;SEA;0;0;9;Mineski.GGNetwork
baboy;Mineski.GGNetwork;3;6;3,03;3,78;4;8,33;280,78;14,78;514;482;2;0;SEA;0;1;9;None
Tilted;Mineski.GGNetwork;3;6;3;2,56;4,33;10,44;174,89;5,11;373;390;3;0;SEA;0;1;9;None
Mski.Julz*;Mineski.GGNetwork;3;6;2,67;3,11;4,78;9,67;76,11;2,22;279;284;4;0;SEA;0;0;9;Mineski.GGNetwork
Lel;Mineski.GGNetwork;3;6;2,29;2;4,56;8,44;35,89;1,33;225;242;5;0;SEA;0;1;9;None
MVP.QO;MVP Phoenix;8;13;3,78;6,57;4,24;9,43;322,76;11,29;604;492;1;2;SEA;5;0;21;MVP Phoenix
Secret.MP;MVP Phoenix;8;13;3,29;6,05;4,81;9,76;222,67;9,48;467;448;2;2;SEA;5;1;21;Team Secret
Secret.FoREv;MVP Phoenix;8;13;3,56;5,95;4,81;11,19;175;2,67;400;395;3;2;SEA;5;1;21;Team Secret
MVP.Febby;MVP Phoenix;8;13;2,5;2,14;6,29;13,57;34,33;0,81;259;266;4;2;SEA;5;0;21;MVP Phoenix
MVP.DuBu;MVP Phoenix;8;13;2,26;2,38;6,52;12,33;17,48;1,57;218;238;5;2;SEA;5;0;21;MVP Phoenix
Na`Vi.Ditya Ra;Natus Vincere;6;9;3,34;6,4;4,13;7,4;210,87;10,2;516;513;1;2;EU;16;0;15;Natus Vincere
Na`Vi.Dendi;Natus Vincere;6;9;4,02;5,4;3,4;8,27;205,33;15,8;492;486;2;2;EU;16;0;15;Natus Vincere
Na`Vi.GeneRaL;Natus Vincere;6;9;2,45;2,93;5,67;10,93;135,47;5;384;366;3;2;EU;16;0;15;Natus Vincere
Na`Vi.ArtStyle;Natus Vincere;6;9;2,18;3,27;6,07;9,93;115,27;2,2;371;332;4;2;EU;16;0;15;Natus Vincere
Na`Vi.!!! SoNNeikO !!!;Natus Vincere;6;9;3,36;3,6;4,8;12,53;33,33;4;289;277;5;2;EU;16;0;15;Natus Vincere
Newbee.Hao;Newbee;9;10;3,82;5,42;3,42;7,63;246,74;16,68;538;494;1;2;CN;12;1;19;None
Newbee.Mu;Newbee;9;10;3,95;5,68;3,47;8,05;231,89;9,26;503;449;2;2;CN;12;1;19;None
Newbee.kpii;Newbee;9;10;3,84;3,37;3,53;10,16;160,95;3,42;385;357;3;2;CN;12;0;19;Newbee
Newbee.ChuaN;Newbee;9;10;2,96;2,21;4,11;9,95;56,79;2,37;263;265;4;2;CN;12;1;19;None
Newbee.kaka;Newbee;9;10;2,73;1,84;4,53;10,53;40,58;1,26;236;244;5;2;CN;12;0;19;Newbee
Newbee.Sccc;Newbee.Young;2;7;3,23;5,33;4,33;8,67;264,33;13,33;530;487;1;0;CN;0;1;9;Newbee
Newbee.Y.Aria;Newbee.Young;2;7;3,06;4,89;3,89;7;228,11;16,89;456;443;2;0;CN;0;1;9;TongFu|
Newbee.Y.2Lei;Newbee.Young;2;7;3,16;4,22;4,11;8,78;168,56;1,22;383;404;3;0;CN;0;0;9;Newbee.Young
Newbee.Y.Mrrr;Newbee.Young;2;7;2,86;2,11;4,89;11,89;60,67;2,11;236;256;4;0;CN;0;1;9;None
Newbee.Y.Le;Newbee.Young;2;7;2,58;2,44;5,78;12,44;34,89;1;228;276;5;0;CN;0;0;9;Newbee.Young
Liquid.Miracle-;OG Dota2;12;7;4,78;9,89;4,11;9,74;305,74;18,74;569;528;1;2;EU;9;1;19;Team Liquid
OG.N0tail;OG Dota2;12;7;3,61;5,42;5,21;13,37;301,16;12,89;540;495;2;2;EU;9;0;19;OG Dota2
DC.Moon;OG Dota2;12;7;4,6;5,37;4,21;14;171,84;0,95;388;412;3;2;EU;9;1;19;Digital Chaos
EG.Cr1t;OG Dota2;12;7;3,67;3,37;5;15;85,47;1,05;311;329;4;2;EU;9;1;19;Evil Geniuses
OG.Fly;OG Dota2;12;7;3,28;3;5;13,42;63,63;2;277;284;5;2;EU;9;0;19;OG Dota2
Roddgee;Orange.Taring;3;6;3,19;4,22;4;8,56;324;12;540;498;1;1;SEA;0;1;9;None
syeonix;Orange.Taring;3;6;3,13;3,89;3,56;7,22;236,11;10,67;454;488;2;1;SEA;0;0;9;Orange.Taring
Taring.YamateH;Orange.Taring;3;6;2,57;2,89;4,67;9,11;151,56;2,56;353;347;3;1;SEA;0;0;9;Orange.Taring
Taring.ling;Orange.Taring;3;6;2,41;4,33;5,11;8;95;0,67;292;306;4;1;SEA;0;0;9;Orange.Taring
Ice;Orange.Taring;3;6;2,23;3;4,89;7,89;32,56;2;227;241;5;1;SEA;0;0;9;Orange.Taring
SiG.LaKelz;Signature.Dota2;3;6;4,41;8;3,56;7,67;338,33;22,33;572;552;1;1;SEA;0;0;9;Signature.Dota2
MyPro;Signature.Dota2;3;6;3,07;6,11;4,89;8,89;265,44;6,78;469;482;2;1;SEA;0;1;9;None
SiG.aabBAA;Signature.Dota2;3;6;4,53;4,22;3,78;12,89;174,33;4,56;366;382;3;1;SEA;0;0;9;Signature.Dota2
Jabz;Signature.Dota2;3;6;3,23;2,11;4,78;13,33;55;1,11;250;297;4;1;SEA;0;1;9;Team Faceless
Boombell;Signature.Dota2;3;6;2,84;2,11;5;12,11;30,78;2,89;213;235;5;1;SEA;0;1;9;None
AF.Madara;Team AD FINEM;8;8;3,59;7,69;4,31;7,81;343,63;8,88;603;535;1;1;EU;0;0;16;Team AD FINEM
AF.ThuG;Team AD FINEM;8;8;3,34;5,31;4,25;8,88;241,81;9;515;495;2;1;EU;0;0;16;Team AD FINEM
AF.SkyLark;Team AD FINEM;8;8;2,81;3,13;4,88;10,56;156,25;5,81;384;369;3;1;EU;0;0;16;Team AD FINEM
AF.SsaSpartan;Team AD FINEM;8;8;1,74;2,19;8,19;12,06;52,31;2,81;268;289;4;1;EU;0;0;16;Team AD FINEM
AF.Maybe Next Time;Team AD FINEM;8;8;2,39;2,56;5,13;9,69;28,31;3,13;253;266;5;1;EU;0;0;16;Team AD FINEM
Empire.Ramzes666;Team Empire;4;5;4,19;6,33;3,56;8,56;369,11;18,44;583;518;1;1;EU;0;1;9;Virtus.pro
Empire.Scandal;Team Empire;4;5;3,51;4,89;4,11;9,56;287,11;12,67;553;463;2;1;EU;0;1;9;DX
Afterlife;Team Empire;4;5;3,65;2,89;3,78;10,89;159,22;1;358;374;3;1;EU;0;1;9;F.R.I.E.N.D.S.
Empire.KingR?!;Team Empire;4;5;2,34;3,67;5,56;9,33;34,22;3,11;262;256;4;1;EU;0;0;9;Team Empire
Empire.Miposhka;Team Empire;4;5;2,53;2;5,22;11,22;31,22;1,11;258;239;5;1;EU;0;0;9;Team Empire
Liquid.MATUMBAMAN;Team Liquid;8;12;4,94;7,55;3,3;8,75;349,5;8,25;592;531;1;2;EU;8;0;20;Team Liquid
Liquid.FATA-;Team Liquid;8;12;3,8;6,2;4,2;9,75;295,2;9,65;575;513;2;2;EU;8;1;20;None
Liquid.MinD_ContRoL;Team Liquid;8;12;3,36;3,4;4,5;11,7;118,75;1,6;327;336;3;2;EU;8;0;20;Team Liquid
Liquid.KuroKy;Team Liquid;8;12;2,79;2,45;5,75;13,6;46,15;0,45;265;275;4;2;EU;8;0;20;Team Liquid
OG.JerAx;Team Liquid;8;12;2,99;2,7;4,95;12,1;63,45;2,85;263;272;5;2;EU;8;1;20;OG Dota2
EG.Arteezy;Team Secret;13;13;5,1;7,88;3,19;8,38;378,31;12,46;612;516;1;0;EU;14;1;26;Evil Geniuses
NP.EternaLEnVy;Team Secret;13;13;4,08;5,58;3,54;8,85;314,31;11,42;505;464;2;0;EU;14;1;26;Team NP
Secret.BuLba;Team Secret;13;13;4,26;3,19;3,85;13,19;164,35;2,85;364;366;3;0;EU;14;1;26;Team Liquid
Secret.Puppey;Team Secret;13;13;2,63;3,12;5,27;10,73;130,15;3,42;314;318;4;0;EU;14;0;26;Team Secret
Secret.pieliedie;Team Secret;13;13;2,79;2,5;5;11,46;70,92;1,81;264;248;5;0;EU;14;0;26;Team Secret
Mski.nb;Team-Rave;3;6;3,92;6,89;4,22;9,67;347,11;14,33;567;481;1;1;SEA;0;1;9;Mineski.GGNetwork
Rave.Jeyo;Team-Rave;3;6;3,14;5,78;4,89;9,56;226,89;11,22;469;469;2;1;SEA;0;1;9;None
XctN.Rapy;Team-Rave;3;6;2,19;2,56;6,33;11,33;125;2,33;324;325;3;1;SEA;0;1;9;None
Mski.ryOyr;Team-Rave;3;6;2,23;3,56;6,33;10,56;58,67;3,56;275;285;4;1;SEA;0;1;9;None
Micko;Team-Rave;3;6;1,76;1,67;6,56;9,89;39,22;1,78;230;233;5;1;SEA;0;1;9;None
SANKE;The Mongolz;3;6;2,6;5,56;4,67;6,56;218,33;16,44;496;463;1;1;SEA;0;0;9;The Mongolz
Retribution;The Mongolz;3;6;3,55;5,22;3,67;7,78;188,67;12,67;468;462;2;1;SEA;0;0;9;The Mongolz
Masquerade !;The Mongolz;3;6;1,96;2,89;5,33;7,56;125,78;3;374;367;3;1;SEA;0;0;9;The Mongolz
py;The Mongolz;3;6;1,64;1,44;6,56;9,33;39,22;0,89;244;251;4;1;SEA;0;0;9;The Mongolz
Ariuka.Crl;The Mongolz;3;6;1,84;2,11;5,56;8,11;26,22;3,33;235;240;5;1;SEA;0;0;9;The Mongolz
Wings.bLink;the wings gaming;25;10;5,87;7,09;2,8;9,34;252,63;11,31;607;577;1;1;CN;1;0;35;the wings gaming
Wings.shadow;the wings gaming;25;10;6,25;6,54;2,51;9,17;233,77;20,77;549;512;2;1;CN;1;0;35;the wings gaming
Wings.Faith_bian;the wings gaming;25;10;4,06;4,06;4,11;12,63;120,83;8,09;394;409;3;1;CN;1;0;35;the wings gaming
Wings.iceice;the wings gaming;25;10;3,37;3,2;4,71;12,69;73,46;2,63;321;315;4;1;CN;1;0;35;the wings gaming
Wings.Innocence;the wings gaming;25;10;3,33;2,86;4,37;11,69;37,26;1,4;278;274;5;1;CN;1;0;35;the wings gaming
Fnatic.Raven;TNC Pro Team;19;11;5,66;9,2;3,33;9,67;348,73;9,4;637;523;1;0;SEA;7;1;30;Fnatic
TNC.Kuku;TNC Pro Team;19;11;3,24;7,63;5,63;10,63;344,03;7,93;591;506;2;0;SEA;7;0;30;TNC Pro Team
TNC.Sam H;TNC Pro Team;19;11;3,05;3,27;5,43;13,3;137,87;2,43;348;383;3;0;SEA;7;0;30;TNC Pro Team
Fnatic.Eyyou;TNC Pro Team;19;11;2,59;2,47;6,57;14,57;69,8;1,93;279;313;4;0;SEA;7;1;30;Fnatic
Fnatic.DeMoN;TNC Pro Team;19;11;2,45;2,6;7,03;14,67;41,83;1,33;255;281;5;0;SEA;7;1;30;Fnatic
Newbee.uuu9;TongFu|;1;8;2,91;4,44;3,56;5,89;175,78;8,78;447;431;1;1;CN;0;1;9;Newbee
TongFu.Lin;TongFu|;1;8;2,31;3,33;4,67;7,44;161,44;8,56;425;437;2;1;CN;0;1;9;Newbee.Young
Newbee.Faith;TongFu|;1;8;1,94;2;5,56;8,78;78,22;2,89;282;311;3;1;CN;0;1;9;Newbee
LGD.FY.lpc;TongFu|;1;8;1,58;1,78;6,33;8,22;45,33;2,33;237;239;4;1;CN;0;1;9;LGD.Forever Young
kabu;TongFu|;1;8;1,54;1,78;6;7,44;28,33;0,67;213;219;5;1;CN;0;1;9;None
Vega.fn;Vega Squadron;4;5;5,94;6;2;5,89;339,44;13,56;685;576;1;1;EU;0;0;9;Vega Squadron
VP.No[o]ne-?;Vega Squadron;4;5;4,35;5,11;2,89;7,44;239,89;16,67;528;490;2;1;EU;0;1;9;Virtus.pro
Vega.Mag;Vega Squadron;4;5;2,53;2,56;4;7,56;145,22;1;373;398;3;1;EU;0;0;9;Vega Squadron
VP.Solo;Vega Squadron;4;5;2,02;1,67;5,56;9,56;43,89;2,22;262;246;4;1;EU;0;1;9;Virtus.pro
Vega.CeMaTheSlayeR;Vega Squadron;4;5;2,21;1,33;4,22;8;43,22;2,33;247;243;5;1;EU;0;0;9;Vega Squadron
VG.CTY;Vici Gaming;9;8;4,07;7,82;4,18;9,18;369,71;14,47;579;544;1;0;CN;0;1;17;None
EHOME.Sylar;Vici Gaming;9;8;5,2;6,59;2,94;8,71;331,47;11,35;569;523;2;0;CN;0;1;17;EHOME
VG.rOtk;Vici Gaming;9;8;2,75;1,76;5,18;12,47;148,88;2,76;334;363;3;0;CN;0;1;17;Vici Gaming J
VG.hym;Vici Gaming;9;8;2,45;3,29;6;11,41;48,41;1,47;254;288;4;0;CN;0;1;17;Vici Gaming J
VG.BurNIng;Vici Gaming;9;8;3,21;2,53;4,41;11,65;49,12;2,76;252;259;5;0;CN;0;1;17;Invictus Gaming
VG.R.END;Vici_Gaming Reborn;18;19;5,16;7,08;3,14;9,08;278,81;10,81;533;478;1;1;CN;13;1;37;Vici Gaming
VG.R.NoNo;Vici_Gaming Reborn;4;11;2,75;5,8;4,73;7,2;239,87;10,4;496;487;2;1;CN;13;1;15;Vici Gaming
VG.R.mikasa;Vici_Gaming Reborn;18;19;3,12;4,95;5,05;10,84;210,51;7,3;437;451;3;1;CN;13;1;37;None
VG.??.Fy;Vici_Gaming Reborn;18;19;3,21;2,62;4,95;13,24;77,24;2,49;293;312;4;1;CN;13;1;37;Vici Gaming
VG.R.ddc;Vici_Gaming Reborn;18;19;2,93;1,97;4,51;11,27;39,27;1,76;238;266;5;1;CN;13;1;37;Vici Gaming
VP.G;Virtus.pro;4;5;5,13;8,22;3,56;10;349,78;15;625;511;1;1;CN;0;1;9;F.R.I.E.N.D.S.
VP.ALOHADANCE;Virtus.pro;4;5;4,13;7,89;4,22;9,56;329,89;15,44;534;461;2;1;EU;0;1;9;F.R.I.E.N.D.S.
yoky;Virtus.pro;4;5;5,19;3,89;3,56;14,56;180,78;2,78;390;407;3;1;EU;0;1;9;F.R.I.E.N.D.S.
Vega.Fng;Virtus.pro;4;5;3,21;2,44;5,78;16,11;48,56;1,67;265;273;4;1;EU;0;1;9;Vega Squadron
Nofear;Virtus.pro;4;5;2,19;2,67;7,11;12,89;35,33;0,89;237;281;5;1;EU;0;1;9;F.R.I.E.N.D.S.
Honki De Koi;Void Boys;3;6;3,44;5,78;3;4,56;224,33;12,44;555;535;1;0;EU;0;1;9;None
VB.PatSoul;Void Boys;3;6;5,94;4,33;1,78;6,22;247,11;16,56;547;543;2;0;AM;0;0;9;Void Boys
PoF.Sneyking;Void Boys;3;6;2,95;2,33;4,11;9,78;142,22;5,44;385;378;3;0;AM;0;1;9;EverNovaS
VB.OmegaPwner;Void Boys;3;6;2,64;1,89;3,67;7,78;51,56;3,56;248;275;4;0;AM;0;1;9;None
WFOE;Void Boys;3;6;1,98;1,44;5,22;8,89;27,89;0,89;243;230;5;0;AM;0;1;9;None
ALGoDonChin;Vultur Gaming;0;6;0,71;1,33;4,67;2;145,67;5;424;403;1;1;AM;0;0;6;Vultur Gaming
LDS;Vultur Gaming;0;6;1,13;3;5;2,67;99,67;3;341;346;2;1;AM;0;0;6;Vultur Gaming
FACA;Vultur Gaming;0;6;0,44;0,83;7,5;2,5;79,33;1,33;261;241;3;1;AM;0;0;6;Vultur Gaming
sayonara;Vultur Gaming;0;6;0,79;1,17;6,5;4;31,17;0,5;198;190;4;1;AM;0;0;6;Vultur Gaming
ElvisCochuelo 2.0;Vultur Gaming;0;6;1;0,83;5,67;4,83;12,67;0,67;174;186;5;1;AM;0;0;6;Vultur Gaming
`WG.NaNa.????;WarriorsGaming.Unity;8;8;3,2;9,75;6,19;10,06;348,56;13,88;608;583;1;1;AM;0;0;16;WarriorsGaming.Unity
WG.A?J?†;WarriorsGaming.Unity;8;8;4,9;7,19;3,75;11,19;387;12,31;597;534;2;1;SEA;0;0;16;WarriorsGaming.Unity
WG.Wenn.;WarriorsGaming.Unity;8;8;3,91;3,19;4,88;15,88;176,69;3,19;390;440;3;1;SEA;0;0;16;WarriorsGaming.Unity
ZacKy?;WarriorsGaming.Unity;8;8;3,01;3,38;5,38;12,81;69,94;2,06;277;308;4;1;SEA;0;1;16;None
WG - ah fu - ??;WarriorsGaming.Unity;8;8;2,55;2,5;6,13;13,13;44,5;1,56;254;280;5;1;SEA;0;0;16;WarriorsGaming.Unity
WF.kyx Y `;White Fries Gaming;4;9;4,86;7,31;3,31;8,77;349,62;13,85;560;517;1;0;SEA;0;0;13;White Fries Gaming
vov;White Fries Gaming;4;9;4,48;5,77;3,38;9,38;292,54;12,31;504;495;2;0;SEA;0;1;13;Newbee.Young
WF.hyhy;White Fries Gaming;4;9;3,92;3,31;3,85;11,77;137,77;2,69;343;362;3;0;SEA;0;0;13;White Fries Gaming
WF.poloson;White Fries Gaming;4;9;3,83;3,08;4,15;12,85;119,08;3,08;310;304;4;0;SEA;0;1;13;None
WF.Chisbug;White Fries Gaming;4;9;4,57;3,15;3,62;13,38;70,69;1,85;275;285;5;0;SEA;0;1;13;None
